"ORDER_ID","ORDER_CREATED_AT","DELIVERY_SCHEDULE","TRIP_ID","NUM_OF_LINES"
"2245835",2019-06-13 21:48:54,2019-06-14 11:30:00,s_2019-06-14_14:30,6
"2247282",2019-06-13 21:18:53,2019-06-14 11:30:00,s_2019-06-14_14:30,5
"2247281",2019-06-13 21:16:53,2019-06-14 11:30:00,s_2019-06-14_14:30,10
"2244971",2019-06-13 21:05:56,2019-06-14 11:30:00,s_2019-06-14_14:30,11
"2244970",2019-06-13 21:02:54,2019-06-14 11:30:00,s_2019-06-14_14:30,6
"2244963",2019-06-13 20:27:53,2019-06-14 11:30:00,s_2019-06-14_14:30,4
"2247238",2019-06-13 19:50:57,2019-06-14 11:30:00,s_2019-06-14_14:30,3
"2244945",2019-06-13 19:45:03,2019-06-14 11:30:00,s_2019-06-14_14:30,17
"2244932",2019-06-13 19:29:56,2019-06-14 11:30:00,s_2019-06-14_14:30,11
"2244926",2019-06-13 19:26:01,2019-06-14 11:30:00,s_2019-06-14_14:30,10
ctransfer1306190,2019-06-13 19:21:33,2019-06-14 13:00:00,c_2019-06-14_16:00,2
c1748679,2019-06-13 19:21:31,2019-06-14 13:00:00,c_2019-06-14_16:00,2
"2246209",2019-06-13 19:14:58,2019-06-14 11:30:00,s_2019-06-14_14:30,4
"2246208",2019-06-13 19:14:55,2019-06-14 11:30:00,s_2019-06-14_14:30,7
"2246205",2019-06-13 19:05:59,2019-06-14 11:30:00,s_2019-06-14_14:30,6
"2247212",2019-06-13 19:05:56,2019-06-14 11:30:00,s_2019-06-14_14:30,3
ctransfer170000,2019-06-13 19:02:37,2019-06-14 13:00:00,c_2019-06-14_16:00,2
"2246196",2019-06-13 18:58:55,2019-06-14 11:30:00,s_2019-06-14_14:30,13
"2247204",2019-06-13 18:56:54,2019-06-14 11:30:00,s_2019-06-14_14:30,3
"2247202",2019-06-13 18:54:56,2019-06-14 11:30:00,s_2019-06-14_14:30,8
c1748678,2019-06-13 18:47:24,2019-06-14 13:00:00,c_2019-06-14_16:00,1
"2246187",2019-06-13 18:33:59,2019-06-14 11:30:00,s_2019-06-14_14:30,3
"2247193",2019-06-13 18:26:02,2019-06-14 11:30:00,s_2019-06-14_14:30,5
"2244897",2019-06-13 18:21:55,2019-06-14 11:30:00,s_2019-06-14_14:30,11
"2244896",2019-06-13 18:19:55,2019-06-14 11:30:00,s_2019-06-14_14:30,6
"2247184",2019-06-13 18:14:54,2019-06-14 11:30:00,s_2019-06-14_14:30,4
"2244891",2019-06-13 18:09:57,2019-06-14 11:30:00,s_2019-06-14_14:30,7
"2246177",2019-06-13 18:03:54,2019-06-14 11:30:00,s_2019-06-14_14:30,6
"2244874",2019-06-13 17:53:57,2019-06-14 11:30:00,s_2019-06-14_14:30,6
"2244883",2019-06-13 17:53:54,2019-06-14 11:30:00,s_2019-06-14_14:30,7
"2244856",2019-06-13 17:17:55,2019-06-14 11:30:00,s_2019-06-14_14:30,11
"2246155",2019-06-13 17:17:53,2019-06-14 11:30:00,s_2019-06-14_14:30,6
"2247154",2019-06-13 17:10:55,2019-06-14 11:30:00,s_2019-06-14_14:30,7
"2247149",2019-06-13 16:58:55,2019-06-13 18:00:00,s_2019-06-13_21:00,11
"2246141",2019-06-13 16:36:03,2019-06-13 18:00:00,s_2019-06-13_21:00,5
"2247136",2019-06-13 16:34:55,2019-06-13 18:00:00,s_2019-06-13_21:00,3
"2247120",2019-06-13 16:07:55,2019-06-13 18:00:00,s_2019-06-13_21:00,10
"2246121",2019-06-13 15:58:03,2019-06-13 18:00:00,s_2019-06-13_21:00,5
"2246106",2019-06-13 15:26:55,2019-06-13 18:00:00,s_2019-06-13_21:00,4
"2244815",2019-06-13 15:21:55,2019-06-13 18:00:00,s_2019-06-13_21:00,20
"2244814",2019-06-13 15:16:55,2019-06-13 18:00:00,s_2019-06-13_21:00,3
"2247095",2019-06-13 15:16:00,2019-06-13 18:00:00,s_2019-06-13_21:00,10
"2245697",2019-06-13 15:13:58,2019-06-13 18:00:00,s_2019-06-13_21:00,16
"2244813",2019-06-13 15:13:55,2019-06-13 18:00:00,s_2019-06-13_21:00,3
"2244812",2019-06-13 15:11:55,2019-06-13 18:00:00,s_2019-06-13_21:00,14
"2245694",2019-06-13 15:06:02,2019-06-13 18:00:00,s_2019-06-13_21:00,7
"2246076",2019-06-13 14:48:55,2019-06-13 18:00:00,s_2019-06-13_21:00,14
"2246073",2019-06-13 14:38:55,2019-06-13 18:00:00,s_2019-06-13_21:00,3
"2246072",2019-06-13 14:36:59,2019-06-13 18:00:00,s_2019-06-13_21:00,4
"2247072",2019-06-13 14:36:55,2019-06-13 18:00:00,s_2019-06-13_21:00,12
"2245676",2019-06-13 14:24:56,2019-06-13 18:00:00,s_2019-06-13_21:00,11
"2245664",2019-06-13 14:02:55,2019-06-13 18:00:00,s_2019-06-13_21:00,7
"2246051",2019-06-13 13:42:55,2019-06-13 18:00:00,s_2019-06-13_21:00,3
"2245652",2019-06-13 13:31:55,2019-06-13 18:00:00,s_2019-06-13_21:00,3
"2244750",2019-06-13 13:28:55,2019-06-13 18:00:00,s_2019-06-13_21:00,4
"2247041",2019-06-13 13:26:55,2019-06-13 18:00:00,s_2019-06-13_21:00,6
"2246044",2019-06-13 13:14:55,2019-06-13 18:00:00,s_2019-06-13_21:00,3
"2245644",2019-06-13 13:10:57,2019-06-13 18:00:00,s_2019-06-13_21:00,2
"2246043",2019-06-13 13:09:55,2019-06-13 18:00:00,s_2019-06-13_21:00,3
"2246040",2019-06-13 13:01:55,2019-06-13 18:00:00,s_2019-06-13_21:00,3
"2244738",2019-06-13 12:56:02,2019-06-13 18:00:00,s_2019-06-13_21:00,2
"2246037",2019-06-13 12:52:58,2019-06-13 18:00:00,s_2019-06-13_21:00,9
"2247011",2019-06-13 12:21:58,2019-06-13 18:00:00,s_2019-06-13_21:00,6
"2244723",2019-06-13 12:21:54,2019-06-13 18:00:00,s_2019-06-13_21:00,2
"2244713",2019-06-13 12:14:55,2019-06-13 18:00:00,s_2019-06-13_21:00,3
"2246020",2019-06-13 12:06:55,2019-06-13 18:00:00,s_2019-06-13_21:00,1
"2244693",2019-06-13 11:56:02,2019-06-13 18:00:00,s_2019-06-13_21:00,16
"2243993",2019-06-13 11:55:58,2019-06-13 18:30:00,l_2019-06-13_21:30,14
"2243981",2019-06-13 11:34:54,2019-06-13 18:30:00,l_2019-06-13_21:30,15
"2244668",2019-06-13 11:29:54,2019-06-13 18:00:00,s_2019-06-13_21:00,9
"2245602",2019-06-13 11:17:11,2019-06-13 18:00:00,s_2019-06-13_21:00,8
"2244656",2019-06-13 11:13:54,2019-06-13 14:00:00,z_2019-06-13_17:00,14
"2243965",2019-06-13 11:08:54,2019-06-13 18:30:00,l_2019-06-13_21:30,15
"2245594",2019-06-13 11:07:57,2019-06-13 18:00:00,s_2019-06-13_21:00,9
"2243962",2019-06-13 11:07:54,2019-06-13 14:00:00,z_2019-06-13_17:00,8
"2244653",2019-06-13 10:53:58,2019-06-13 18:00:00,s_2019-06-13_21:00,8
"2245582",2019-06-13 10:45:58,2019-06-13 14:00:00,z_2019-06-13_17:00,2
"2245572",2019-06-13 10:35:59,2019-06-13 14:00:00,z_2019-06-13_17:00,14
"2243927",2019-06-13 10:26:55,2019-06-13 18:00:00,s_2019-06-13_21:00,6
"2243925",2019-06-13 10:06:54,2019-06-13 18:00:00,s_2019-06-13_21:00,14
"2243919",2019-06-13 09:56:54,2019-06-13 18:00:00,s_2019-06-13_21:00,3
"2244623",2019-06-13 09:52:54,2019-06-13 18:00:00,s_2019-06-13_21:00,7
"2243916",2019-06-13 09:51:54,2019-06-13 18:00:00,s_2019-06-13_21:00,5
"2244619",2019-06-13 09:48:55,2019-06-13 18:00:00,s_2019-06-13_21:00,7
"2243911",2019-06-13 09:43:54,2019-06-13 18:00:00,s_2019-06-13_21:00,6
"2245526",2019-06-13 09:36:54,2019-06-13 18:00:00,s_2019-06-13_21:00,2
"2244610",2019-06-13 09:35:58,2019-06-13 14:00:00,z_2019-06-13_17:00,9
"2243902",2019-06-13 09:33:54,2019-06-13 18:00:00,s_2019-06-13_21:00,2
"2244607",2019-06-13 09:32:54,2019-06-13 18:00:00,s_2019-06-13_21:00,10
"2243899",2019-06-13 09:28:54,2019-06-13 18:00:00,s_2019-06-13_21:00,10
"2245520",2019-06-13 09:26:54,2019-06-13 18:30:00,l_2019-06-13_21:30,13
"2243895",2019-06-13 09:25:58,2019-06-13 14:00:00,z_2019-06-13_17:00,30
"2245510",2019-06-13 09:10:56,2019-06-13 18:00:00,s_2019-06-13_21:00,5
"2243875",2019-06-13 09:04:54,2019-06-13 18:00:00,s_2019-06-13_21:00,5
"2244570",2019-06-13 08:48:54,2019-06-13 14:00:00,z_2019-06-13_17:00,18
"2244581",2019-06-13 08:46:54,2019-06-13 10:00:00,l_2019-06-13_13:00,14
"2244579",2019-06-13 08:44:54,2019-06-13 18:00:00,s_2019-06-13_21:00,5
"2245482",2019-06-13 08:41:04,2019-06-13 14:00:00,z_2019-06-13_17:00,1
"2243851",2019-06-13 08:33:54,2019-06-13 18:00:00,s_2019-06-13_21:00,1
"2243854",2019-06-13 08:23:01,2019-06-13 18:00:00,s_2019-06-13_21:00,21
"2244557",2019-06-13 08:17:55,2019-06-13 10:00:00,l_2019-06-13_13:00,14
"2243845",2019-06-13 08:09:56,2019-06-13 14:00:00,z_2019-06-13_17:00,9
"2245474",2019-06-13 08:07:54,2019-06-13 18:00:00,s_2019-06-13_21:00,4
"2245462",2019-06-13 07:52:54,2019-06-13 18:00:00,s_2019-06-13_21:00,10
"2244538",2019-06-13 07:49:54,2019-06-13 18:00:00,s_2019-06-13_21:00,11
"2243834",2019-06-13 07:47:54,2019-06-13 10:00:00,l_2019-06-13_13:00,8
"2243829",2019-06-13 07:38:54,2019-06-13 18:00:00,s_2019-06-13_21:00,4
"2244528",2019-06-13 07:37:54,2019-06-13 18:00:00,s_2019-06-13_21:00,8
"2245442",2019-06-13 07:25:56,2019-06-13 14:00:00,z_2019-06-13_17:00,14
"2243810",2019-06-13 07:20:55,2019-06-13 18:00:00,s_2019-06-13_21:00,2
"2244498",2019-06-13 07:06:55,2019-06-13 14:00:00,z_2019-06-13_17:00,25
"2244494",2019-06-13 06:59:54,2019-06-13 18:00:00,s_2019-06-13_21:00,9
"2243783",2019-06-13 06:58:54,2019-06-13 14:00:00,z_2019-06-13_17:00,6
"2245424",2019-06-13 06:53:54,2019-06-13 14:00:00,z_2019-06-13_17:00,5
"2245415",2019-06-13 06:44:54,2019-06-13 14:00:00,z_2019-06-13_17:00,8
"2243784",2019-06-13 06:43:57,2019-06-13 14:00:00,z_2019-06-13_17:00,17
"2243743",2019-06-13 06:40:58,2019-06-13 18:00:00,s_2019-06-13_21:00,4
"2245406",2019-06-13 06:37:54,2019-06-13 18:00:00,s_2019-06-13_21:00,14
"2243776",2019-06-13 06:33:54,2019-06-13 10:00:00,l_2019-06-13_13:00,19
"2243752",2019-06-13 06:32:54,2019-06-13 18:00:00,s_2019-06-13_21:00,18
"2244480",2019-06-13 06:25:54,2019-06-13 14:00:00,z_2019-06-13_17:00,2
"2245399",2019-06-13 06:22:56,2019-06-13 10:00:00,l_2019-06-13_13:00,16
"2243766",2019-06-13 06:22:54,2019-06-13 18:00:00,s_2019-06-13_21:00,7
"2244471",2019-06-13 06:15:55,2019-06-13 18:00:00,s_2019-06-13_21:00,5
"2243744",2019-06-13 06:14:01,2019-06-13 18:00:00,s_2019-06-13_21:00,15
"2196308",2019-06-13 06:12:54,2019-06-13 10:00:00,l_2019-06-13_13:00,8
"2243756",2019-06-13 06:11:54,2019-06-13 18:00:00,s_2019-06-13_21:00,6
"2244465",2019-06-13 06:06:54,2019-06-13 18:00:00,s_2019-06-13_21:00,8
"2244464",2019-06-13 06:05:55,2019-06-13 10:00:00,l_2019-06-13_13:00,10
"2243748",2019-06-13 06:01:54,2019-06-13 18:00:00,s_2019-06-13_21:00,1
"2245372",2019-06-13 05:50:55,2019-06-13 18:00:00,s_2019-06-13_21:00,5
"2244443",2019-06-13 05:49:55,2019-06-13 18:00:00,s_2019-06-13_21:00,6
"2244427",2019-06-13 05:43:54,2019-06-13 14:00:00,z_2019-06-13_17:00,13
"2244406",2019-06-13 05:41:54,2019-06-13 18:00:00,s_2019-06-13_21:00,12
"2245333",2019-06-13 05:40:54,2019-06-13 18:00:00,s_2019-06-13_21:00,10
"2244409",2019-06-13 05:39:54,2019-06-13 14:00:00,z_2019-06-13_17:00,16
"2245331",2019-06-13 05:38:54,2019-06-13 18:00:00,s_2019-06-13_21:00,8
"2243726",2019-06-13 05:37:56,2019-06-13 18:00:00,s_2019-06-13_21:00,3
"2244447",2019-06-13 05:37:54,2019-06-13 14:00:00,z_2019-06-13_17:00,7
"2244393",2019-06-13 05:36:54,2019-06-13 18:00:00,s_2019-06-13_21:00,7
"2245310",2019-06-13 05:35:55,2019-06-13 18:00:00,s_2019-06-13_21:00,2
"2245309",2019-06-13 05:34:54,2019-06-13 18:00:00,s_2019-06-13_21:00,11
"2243700",2019-06-13 05:33:58,2019-06-13 18:00:00,s_2019-06-13_21:00,3
"2243695",2019-06-13 05:33:55,2019-06-13 18:00:00,s_2019-06-13_21:00,5
"2244386",2019-06-13 05:33:54,2019-06-13 18:00:00,s_2019-06-13_21:00,3
"2244442",2019-06-13 05:32:54,2019-06-13 18:00:00,s_2019-06-13_21:00,6
"2244439",2019-06-13 05:29:54,2019-06-13 18:00:00,s_2019-06-13_21:00,10
"2244436",2019-06-13 05:23:56,2019-06-13 18:00:00,s_2019-06-13_21:00,5
"2243729",2019-06-13 05:23:54,2019-06-13 18:00:00,s_2019-06-13_21:00,2
"2243727",2019-06-13 05:22:54,2019-06-13 18:00:00,s_2019-06-13_21:00,9
"2244384",2019-06-13 02:10:54,2019-06-13 18:00:00,s_2019-06-13_21:00,6
"2244383",2019-06-13 02:07:53,2019-06-13 18:00:00,s_2019-06-13_21:00,6
"2244379",2019-06-13 00:53:53,2019-06-13 18:00:00,s_2019-06-13_21:00,5
"2245295",2019-06-13 00:49:53,2019-06-13 10:00:00,l_2019-06-13_13:00,12
"2243690",2019-06-13 00:00:54,2019-06-13 18:00:00,s_2019-06-13_21:00,19
"2243682",2019-06-12 23:00:54,2019-06-13 18:00:00,s_2019-06-13_21:00,5
"2243670",2019-06-12 21:56:53,2019-06-13 18:00:00,s_2019-06-13_21:00,2
"2245271",2019-06-12 21:52:54,2019-06-13 14:00:00,z_2019-06-13_17:00,14
"2243658",2019-06-12 21:47:54,2019-06-13 14:00:00,z_2019-06-13_17:00,1
"2243666",2019-06-12 21:38:54,2019-06-13 10:00:00,l_2019-06-13_13:00,4
"2244354",2019-06-12 21:20:54,2019-06-13 18:00:00,s_2019-06-13_21:00,5
"2244342",2019-06-12 21:04:54,2019-06-13 18:00:00,s_2019-06-13_21:00,12
"2245231",2019-06-12 20:46:53,2019-06-13 18:00:00,s_2019-06-13_21:00,8
"2245254",2019-06-12 20:35:55,2019-06-13 10:00:00,l_2019-06-13_13:00,15
"2244327",2019-06-12 20:35:54,2019-06-13 14:00:00,z_2019-06-13_17:00,1
"2245248",2019-06-12 20:26:17,2019-06-13 18:00:00,s_2019-06-13_21:00,10
"2245247",2019-06-12 20:25:56,2019-06-13 14:00:00,z_2019-06-13_17:00,3
"2244323",2019-06-12 20:25:54,2019-06-13 18:00:00,s_2019-06-13_21:00,4
"2245215",2019-06-12 20:17:53,2019-06-13 18:00:00,s_2019-06-13_21:00,3
"2245217",2019-06-12 20:08:53,2019-06-13 18:00:00,s_2019-06-13_21:00,3
"2244313",2019-06-12 20:06:17,2019-06-13 18:00:00,s_2019-06-13_21:00,7
"2243642",2019-06-12 20:05:56,2019-06-13 18:00:00,s_2019-06-13_21:00,11
"2245225",2019-06-12 20:05:54,2019-06-13 18:00:00,s_2019-06-13_21:00,1
"2245219",2019-06-12 19:58:53,2019-06-13 10:00:00,l_2019-06-13_13:00,10
"2243628",2019-06-12 19:46:53,2019-06-13 14:00:00,z_2019-06-13_17:00,6
"2243611",2019-06-12 19:43:53,2019-06-13 18:00:00,s_2019-06-13_21:00,3
"2243610",2019-06-12 19:42:54,2019-06-13 14:00:00,z_2019-06-13_17:00,5
"2245208",2019-06-12 19:38:54,2019-06-13 18:00:00,s_2019-06-13_21:00,5
"2243613",2019-06-12 19:29:54,2019-06-13 18:00:00,s_2019-06-13_21:00,2
"2245197",2019-06-12 19:27:54,2019-06-13 14:00:00,z_2019-06-13_17:00,2
"2243608",2019-06-12 19:24:54,2019-06-13 10:00:00,l_2019-06-13_13:00,9
"2245191",2019-06-12 19:21:53,2019-06-13 18:00:00,s_2019-06-13_21:00,2
"2245185",2019-06-12 19:10:55,2019-06-13 18:00:00,s_2019-06-13_21:00,9
"2245181",2019-06-12 19:09:54,2019-06-13 18:00:00,s_2019-06-13_21:00,2
"2245179",2019-06-12 19:06:54,2019-06-13 14:00:00,z_2019-06-13_17:00,1
"2244292",2019-06-12 19:00:57,2019-06-13 18:00:00,s_2019-06-13_21:00,6
"2243595",2019-06-12 19:00:56,2019-06-13 18:00:00,s_2019-06-13_21:00,8
"2243593",2019-06-12 19:00:54,2019-06-13 18:00:00,s_2019-06-13_21:00,2
"2244290",2019-06-12 18:52:21,2019-06-13 18:00:00,s_2019-06-13_21:00,3
"2244266",2019-06-12 18:52:20,2019-06-13 14:00:00,z_2019-06-13_17:00,3
"2245174",2019-06-12 18:52:04,2019-06-13 14:00:00,z_2019-06-13_17:00,5
"2243584",2019-06-12 18:48:53,2019-06-13 18:00:00,s_2019-06-13_21:00,1
"2243582",2019-06-12 18:41:53,2019-06-13 18:00:00,s_2019-06-13_21:00,5
"2243572",2019-06-12 18:37:53,2019-06-13 14:00:00,z_2019-06-13_17:00,8
"2245165",2019-06-12 18:23:53,2019-06-13 18:00:00,s_2019-06-13_21:00,10
"2243569",2019-06-12 18:18:54,2019-06-13 18:00:00,s_2019-06-13_21:00,6
"2244255",2019-06-12 18:06:53,2019-06-13 14:00:00,z_2019-06-13_17:00,6
"2244252",2019-06-12 18:01:53,2019-06-13 18:00:00,s_2019-06-13_21:00,17
"2244246",2019-06-12 17:54:53,2019-06-13 18:00:00,s_2019-06-13_21:00,1
"2244238",2019-06-12 17:48:54,2019-06-13 18:00:00,s_2019-06-13_21:00,9
"2244225",2019-06-12 17:33:53,2019-06-13 14:00:00,z_2019-06-13_17:00,13
"2243541",2019-06-12 17:30:54,2019-06-13 18:00:00,s_2019-06-13_21:00,5
"2243546",2019-06-12 17:29:53,2019-06-13 18:00:00,s_2019-06-13_21:00,2
"2245130",2019-06-12 17:17:53,2019-06-13 18:00:00,s_2019-06-13_21:00,5
"2243542",2019-06-12 17:15:53,2019-06-13 18:00:00,s_2019-06-13_21:00,5
"2244209",2019-06-12 17:11:55,2019-06-12 18:00:00,s_2019-06-12_21:00,2
"2245121",2019-06-12 17:07:55,2019-06-13 10:00:00,l_2019-06-13_13:00,10
"2245114",2019-06-12 16:53:56,2019-06-12 18:00:00,s_2019-06-12_21:00,5
"2244201",2019-06-12 16:42:55,2019-06-12 18:00:00,s_2019-06-12_21:00,2
"2244192",2019-06-12 16:32:56,2019-06-12 18:00:00,s_2019-06-12_21:00,2
"2245082",2019-06-12 15:42:58,2019-06-12 18:00:00,s_2019-06-12_21:00,1
"2243506",2019-06-12 15:38:56,2019-06-12 18:00:00,s_2019-06-12_21:00,2
"2243505",2019-06-12 15:34:55,2019-06-12 18:00:00,s_2019-06-12_21:00,3
"2243500",2019-06-12 15:30:57,2019-06-12 18:00:00,s_2019-06-12_21:00,7
"2245072",2019-06-12 15:03:55,2019-06-12 18:00:00,s_2019-06-12_21:00,2
"2243481",2019-06-12 14:47:56,2019-06-12 18:00:00,s_2019-06-12_21:00,2
"2244138",2019-06-12 14:23:54,2019-06-12 18:00:00,s_2019-06-12_21:00,1
"2243451",2019-06-12 13:50:56,2019-06-12 18:00:00,s_2019-06-12_21:00,6
"2245035",2019-06-12 13:46:55,2019-06-12 18:00:00,s_2019-06-12_21:00,4
"2245026",2019-06-12 13:37:00,2019-06-12 18:00:00,s_2019-06-12_21:00,4
"2245025",2019-06-12 13:36:56,2019-06-12 18:00:00,s_2019-06-12_21:00,15
"2244113",2019-06-12 13:33:55,2019-06-12 18:00:00,s_2019-06-12_21:00,6
"2244105",2019-06-12 13:20:56,2019-06-12 18:00:00,s_2019-06-12_21:00,6
"2243415",2019-06-12 13:04:55,2019-06-12 18:00:00,s_2019-06-12_21:00,2
"2241994",2019-06-12 12:54:54,2019-06-12 18:00:00,s_2019-06-12_21:00,7
"2244075",2019-06-12 12:53:54,2019-06-12 18:00:00,s_2019-06-12_21:00,2
"2244076",2019-06-12 12:38:59,2019-06-12 18:00:00,s_2019-06-12_21:00,1
"2244058",2019-06-12 12:38:55,2019-06-12 18:00:00,s_2019-06-12_21:00,16
"2243422",2019-06-12 12:30:56,2019-06-12 18:00:00,s_2019-06-12_21:00,7
"2243414",2019-06-12 12:14:54,2019-06-12 18:00:00,s_2019-06-12_21:00,1
"2244046",2019-06-12 12:04:19,2019-06-12 18:00:00,s_2019-06-12_21:00,1
"2244050",2019-06-12 12:03:55,2019-06-12 14:00:00,z_2019-06-12_17:00,12
"2241967",2019-06-12 11:59:54,2019-06-12 18:00:00,s_2019-06-12_21:00,4
"2243365",2019-06-12 11:54:55,2019-06-12 14:00:00,z_2019-06-12_17:00,7
"2243392",2019-06-12 11:46:58,2019-06-12 18:00:00,s_2019-06-12_21:00,9
"2241969",2019-06-12 11:46:55,2019-06-12 18:00:00,s_2019-06-12_21:00,10
"2243361",2019-06-12 11:34:55,2019-06-12 18:00:00,s_2019-06-12_21:00,2
"2243349",2019-06-12 11:27:59,2019-06-12 18:00:00,s_2019-06-12_21:00,4
"2241945",2019-06-12 11:19:54,2019-06-12 18:00:00,s_2019-06-12_21:00,9
"2244026",2019-06-12 11:17:55,2019-06-12 18:00:00,s_2019-06-12_21:00,2
"2241940",2019-06-12 11:15:55,2019-06-12 14:00:00,z_2019-06-12_17:00,7
"2244023",2019-06-12 10:58:54,2019-06-12 14:00:00,z_2019-06-12_17:00,2
"2241908",2019-06-12 10:53:55,2019-06-12 18:30:00,l_2019-06-12_21:30,15
"2244012",2019-06-12 10:47:55,2019-06-12 18:30:00,l_2019-06-12_21:30,8
"2241909",2019-06-12 10:36:54,2019-06-12 18:30:00,l_2019-06-12_21:30,8
"2243317",2019-06-12 10:31:55,2019-06-12 18:00:00,s_2019-06-12_21:00,9
"2240992",2019-06-12 10:24:55,2019-06-12 14:00:00,z_2019-06-12_17:00,9
"2240989",2019-06-12 10:21:54,2019-06-12 18:30:00,l_2019-06-12_21:30,4
"2243315",2019-06-12 10:14:54,2019-06-12 18:00:00,s_2019-06-12_21:00,7
"2240982",2019-06-12 10:11:54,2019-06-12 18:00:00,s_2019-06-12_21:00,4
"2240980",2019-06-12 10:10:56,2019-06-12 18:00:00,s_2019-06-12_21:00,1
"2243312",2019-06-12 10:08:54,2019-06-12 18:00:00,s_2019-06-12_21:00,2
"2243302",2019-06-12 09:59:55,2019-06-12 14:00:00,z_2019-06-12_17:00,2
"2243290",2019-06-12 09:51:55,2019-06-12 18:00:00,s_2019-06-12_21:00,6
"2241845",2019-06-12 09:33:54,2019-06-12 18:30:00,l_2019-06-12_21:30,15
"2241844",2019-06-12 09:32:55,2019-06-12 18:30:00,l_2019-06-12_21:30,8
"2243283",2019-06-12 09:29:54,2019-06-12 18:00:00,s_2019-06-12_21:00,4
"2240947",2019-06-12 09:23:54,2019-06-12 18:00:00,s_2019-06-12_21:00,13
"2241841",2019-06-12 09:10:55,2019-06-12 18:00:00,s_2019-06-12_21:00,5
"2240935",2019-06-12 09:08:06,2019-06-12 18:00:00,s_2019-06-12_21:00,1
"2241833",2019-06-12 09:08:03,2019-06-12 14:00:00,z_2019-06-12_17:00,3
"2240903",2019-06-12 09:08:00,2019-06-12 14:00:00,z_2019-06-12_17:00,3
"2240932",2019-06-12 09:07:58,2019-06-12 18:00:00,s_2019-06-12_21:00,1
"2196295",2019-06-12 09:07:55,2019-06-12 18:00:00,s_2019-06-12_21:00,5
"2243269",2019-06-12 09:05:58,2019-06-12 18:00:00,s_2019-06-12_21:00,2
"2240910",2019-06-12 09:05:54,2019-06-12 10:00:00,l_2019-06-12_13:00,11
"2241820",2019-06-12 08:43:22,2019-06-12 14:00:00,z_2019-06-12_17:00,2
"2240920",2019-06-12 08:37:22,2019-06-12 18:00:00,s_2019-06-12_21:00,1
"2241814",2019-06-12 08:33:22,2019-06-12 18:00:00,s_2019-06-12_21:00,5
"2243250",2019-06-12 08:29:22,2019-06-12 18:00:00,s_2019-06-12_21:00,12
"2240912",2019-06-12 08:21:23,2019-06-12 18:00:00,s_2019-06-12_21:00,1
"2243246",2019-06-12 08:19:22,2019-06-12 18:00:00,s_2019-06-12_21:00,2
"2241804",2019-06-12 08:12:27,2019-06-12 18:00:00,s_2019-06-12_21:00,4
"2240908",2019-06-12 08:11:22,2019-06-12 10:00:00,l_2019-06-12_13:00,13
"2243232",2019-06-12 08:08:22,2019-06-12 18:00:00,s_2019-06-12_21:00,1
"2240901",2019-06-12 08:07:22,2019-06-12 18:00:00,s_2019-06-12_21:00,3
"2241797",2019-06-12 08:06:24,2019-06-12 18:00:00,s_2019-06-12_21:00,3
"2240906",2019-06-12 08:06:22,2019-06-12 10:00:00,l_2019-06-12_13:00,10
"2243218",2019-06-12 07:51:22,2019-06-12 18:00:00,s_2019-06-12_21:00,3
"2241777",2019-06-12 07:43:22,2019-06-12 18:00:00,s_2019-06-12_21:00,5
"2243210",2019-06-12 07:32:22,2019-06-12 18:00:00,s_2019-06-12_21:00,3
"2241764",2019-06-12 07:24:22,2019-06-12 18:00:00,s_2019-06-12_21:00,1
"2241775",2019-06-12 07:23:23,2019-06-12 14:00:00,z_2019-06-12_17:00,13
"2241773",2019-06-12 07:21:22,2019-06-12 14:00:00,z_2019-06-12_17:00,1
"2241758",2019-06-12 07:12:44,2019-06-12 14:00:00,z_2019-06-12_17:00,13
"2241755",2019-06-12 07:12:42,2019-06-12 10:00:00,l_2019-06-12_13:00,5
"2243191",2019-06-12 07:12:40,2019-06-12 14:00:00,z_2019-06-12_17:00,6
"2241761",2019-06-12 07:12:38,2019-06-12 18:00:00,s_2019-06-12_21:00,2
"2240866",2019-06-12 07:12:37,2019-06-12 10:00:00,l_2019-06-12_13:00,7
"2240868",2019-06-12 07:12:35,2019-06-12 14:00:00,z_2019-06-12_17:00,2
"2243176",2019-06-12 07:12:33,2019-06-12 10:00:00,l_2019-06-12_13:00,11
"2243192",2019-06-12 07:12:31,2019-06-12 18:00:00,s_2019-06-12_21:00,2
"2241745",2019-06-12 06:51:22,2019-06-12 18:00:00,s_2019-06-12_21:00,5
"2237619",2019-06-12 06:51:18,2019-06-12 18:00:00,s_2019-06-12_21:00,8
"2240848",2019-06-12 06:50:18,2019-06-12 18:00:00,s_2019-06-12_21:00,1
"2240840",2019-06-12 06:49:18,2019-06-12 18:00:00,s_2019-06-12_21:00,4
"2241751",2019-06-12 06:48:17,2019-06-12 10:00:00,l_2019-06-12_13:00,20
"2241749",2019-06-12 06:44:18,2019-06-12 14:00:00,z_2019-06-12_17:00,3
"2243174",2019-06-12 06:39:18,2019-06-12 18:00:00,s_2019-06-12_21:00,1
"2243173",2019-06-12 06:37:20,2019-06-12 10:00:00,l_2019-06-12_13:00,8
"2241744",2019-06-12 06:34:21,2019-06-12 18:00:00,s_2019-06-12_21:00,5
"2240829",2019-06-12 06:23:17,2019-06-12 10:00:00,l_2019-06-12_13:00,10
"2196285",2019-06-12 06:21:18,2019-06-12 14:00:00,z_2019-06-12_17:00,1
"2243167",2019-06-12 06:20:24,2019-06-12 14:00:00,z_2019-06-12_17:00,3
"2243164",2019-06-12 06:20:16,2019-06-12 18:00:00,s_2019-06-12_21:00,2
"2240823",2019-06-12 06:14:20,2019-06-12 10:00:00,l_2019-06-12_13:00,7
"2243152",2019-06-12 06:09:19,2019-06-12 18:00:00,s_2019-06-12_21:00,9
"2240800",2019-06-12 06:08:19,2019-06-12 18:00:00,s_2019-06-12_21:00,1
"2243115",2019-06-12 05:57:19,2019-06-12 10:00:00,l_2019-06-12_13:00,4
"2243138",2019-06-12 05:48:18,2019-06-12 18:00:00,s_2019-06-12_21:00,8
"2240806",2019-06-12 05:35:19,2019-06-12 14:00:00,z_2019-06-12_17:00,15
"2240790",2019-06-12 05:34:18,2019-06-12 18:00:00,s_2019-06-12_21:00,1
"2241693",2019-06-12 05:25:19,2019-06-12 18:00:00,s_2019-06-12_21:00,4
"2240798",2019-06-12 05:18:20,2019-06-12 10:00:00,l_2019-06-12_13:00,7
"2243114",2019-06-12 05:07:17,2019-06-12 14:00:00,z_2019-06-12_17:00,8
"2243109",2019-06-12 05:03:17,2019-06-12 18:00:00,s_2019-06-12_21:00,3
"2241674",2019-06-12 04:54:17,2019-06-12 18:00:00,s_2019-06-12_21:00,4
"2240777",2019-06-12 04:11:17,2019-06-12 10:00:00,l_2019-06-12_13:00,2
"2243094",2019-06-12 04:06:16,2019-06-12 18:00:00,s_2019-06-12_21:00,1
"2240771",2019-06-12 03:57:19,2019-06-12 18:00:00,s_2019-06-12_21:00,9
"2241673",2019-06-12 03:55:18,2019-06-12 18:00:00,s_2019-06-12_21:00,4
"2242083",2019-06-11 23:48:18,2019-06-12 18:00:00,s_2019-06-12_21:00,4
"2243075",2019-06-11 23:26:17,2019-06-12 18:00:00,s_2019-06-12_21:00,11
"2242082",2019-06-11 22:47:17,2019-06-12 18:00:00,s_2019-06-12_21:00,15
"2241659",2019-06-11 22:32:17,2019-06-12 18:00:00,s_2019-06-12_21:00,9
"2241658",2019-06-11 22:22:18,2019-06-12 18:00:00,s_2019-06-12_21:00,8
"2242080",2019-06-11 22:16:17,2019-06-12 14:00:00,z_2019-06-12_17:00,2
"2243067",2019-06-11 22:01:17,2019-06-12 18:00:00,s_2019-06-12_21:00,4
"2243065",2019-06-11 21:54:16,2019-06-12 18:00:00,s_2019-06-12_21:00,5
"2242077",2019-06-11 21:34:17,2019-06-12 18:00:00,s_2019-06-12_21:00,7
"2243062",2019-06-11 21:31:16,2019-06-12 18:00:00,s_2019-06-12_21:00,17
"2240740",2019-06-11 21:14:32,2019-06-12 14:00:00,z_2019-06-12_17:00,15
"2242074",2019-06-11 21:11:16,2019-06-12 10:00:00,l_2019-06-12_13:00,5
"2241649",2019-06-11 21:00:17,2019-06-12 18:00:00,s_2019-06-12_21:00,14
"2240735",2019-06-11 20:58:17,2019-06-12 18:00:00,s_2019-06-12_21:00,2
"2241647",2019-06-11 20:50:18,2019-06-12 18:00:00,s_2019-06-12_21:00,5
"2240733",2019-06-11 20:45:18,2019-06-12 10:00:00,l_2019-06-12_13:00,2
"2242064",2019-06-11 20:41:19,2019-06-12 14:00:00,z_2019-06-12_17:00,4
"2240729",2019-06-11 20:39:18,2019-06-12 18:00:00,s_2019-06-12_21:00,3
"2240724",2019-06-11 20:32:17,2019-06-12 10:00:00,l_2019-06-12_13:00,10
"2240722",2019-06-11 20:30:18,2019-06-12 14:00:00,z_2019-06-12_17:00,2
"2240721",2019-06-11 20:29:18,2019-06-12 14:00:00,z_2019-06-12_17:00,4
"2242059",2019-06-11 20:27:17,2019-06-12 18:00:00,s_2019-06-12_21:00,9
"2241637",2019-06-11 20:23:17,2019-06-12 14:00:00,z_2019-06-12_17:00,3
"2243043",2019-06-11 20:18:17,2019-06-12 18:00:00,s_2019-06-12_21:00,6
"2243042",2019-06-11 20:18:15,2019-06-12 18:00:00,s_2019-06-12_21:00,3
"2241630",2019-06-11 20:11:15,2019-06-12 18:00:00,s_2019-06-12_21:00,1
"2243016",2019-06-11 19:49:17,2019-06-12 10:00:00,l_2019-06-12_13:00,16
"2240697",2019-06-11 19:45:17,2019-06-12 10:00:00,l_2019-06-12_13:00,2
"2241622",2019-06-11 19:38:19,2019-06-12 10:00:00,l_2019-06-12_13:00,19
"2242042",2019-06-11 19:36:20,2019-06-12 18:00:00,s_2019-06-12_21:00,1
"2243019",2019-06-11 19:35:17,2019-06-12 10:00:00,l_2019-06-12_13:00,16
"2242035",2019-06-11 19:34:09,2019-06-12 18:00:00,s_2019-06-12_21:00,7
"2241614",2019-06-11 19:34:08,2019-06-12 18:00:00,s_2019-06-12_21:00,1
"2239967",2019-06-11 19:34:07,2019-06-12 14:00:00,z_2019-06-12_17:00,3
"2241600",2019-06-11 19:34:05,2019-06-12 10:00:00,l_2019-06-12_13:00,14
"2241604",2019-06-11 19:34:04,2019-06-12 14:00:00,z_2019-06-12_17:00,1
"2241603",2019-06-11 19:34:02,2019-06-12 18:00:00,s_2019-06-12_21:00,1
"2239980",2019-06-11 19:02:26,2019-06-12 18:00:00,s_2019-06-12_21:00,5
"2241596",2019-06-11 19:02:25,2019-06-12 18:00:00,s_2019-06-12_21:00,1
"2241583",2019-06-11 19:02:23,2019-06-12 18:00:00,s_2019-06-12_21:00,4
"2241575",2019-06-11 19:02:22,2019-06-12 18:00:00,s_2019-06-12_21:00,5
"2241580",2019-06-11 19:02:21,2019-06-12 18:00:00,s_2019-06-12_21:00,9
"2242000",2019-06-11 19:02:17,2019-06-12 14:00:00,z_2019-06-12_17:00,1
"2240660",2019-06-11 18:59:34,2019-06-12 10:00:00,l_2019-06-12_13:00,10
"2240652",2019-06-11 18:14:26,2019-06-12 18:00:00,s_2019-06-12_21:00,7
"2239956",2019-06-11 18:14:24,2019-06-12 10:00:00,l_2019-06-12_13:00,7
"2241572",2019-06-11 18:11:24,2019-06-12 18:00:00,s_2019-06-12_21:00,1
"2241571",2019-06-11 18:09:24,2019-06-12 18:00:00,s_2019-06-12_21:00,1
"2241564",2019-06-11 17:53:25,2019-06-12 10:00:00,l_2019-06-12_13:00,3
"2238978",2019-06-11 17:35:26,2019-06-12 18:00:00,s_2019-06-12_21:00,5
"2240626",2019-06-11 17:22:24,2019-06-12 18:00:00,s_2019-06-12_21:00,6
"2240624",2019-06-11 17:18:24,2019-06-12 14:00:00,z_2019-06-12_17:00,1
"2240620",2019-06-11 17:12:24,2019-06-12 14:00:00,z_2019-06-12_17:00,3
"2239907",2019-06-11 16:40:27,2019-06-11 18:00:00,s_2019-06-11_21:00,4
"2239904",2019-06-11 16:37:27,2019-06-11 18:00:00,s_2019-06-11_21:00,5
"2241525",2019-06-11 16:17:26,2019-06-11 18:00:00,s_2019-06-11_21:00,1
"2241515",2019-06-11 16:05:32,2019-06-11 18:00:00,s_2019-06-11_21:00,6
"2239876",2019-06-11 16:03:27,2019-06-11 18:00:00,s_2019-06-11_21:00,2
"2241511",2019-06-11 15:57:26,2019-06-11 18:00:00,s_2019-06-11_21:00,1
"2241498",2019-06-11 15:36:26,2019-06-11 18:00:00,s_2019-06-11_21:00,14
"2241492",2019-06-11 15:30:28,2019-06-11 18:00:00,s_2019-06-11_21:00,2
"2241472",2019-06-11 14:57:27,2019-06-11 18:00:00,s_2019-06-11_21:00,11
"2240549",2019-06-11 14:56:28,2019-06-11 18:00:00,s_2019-06-11_21:00,1
"2238902",2019-06-11 14:54:27,2019-06-11 18:00:00,s_2019-06-11_21:00,6
"2239826",2019-06-11 14:23:27,2019-06-11 18:00:00,s_2019-06-11_21:00,1
"2239819",2019-06-11 14:18:27,2019-06-11 18:00:00,s_2019-06-11_21:00,1
"2240526",2019-06-11 14:12:27,2019-06-11 18:00:00,s_2019-06-11_21:00,2
"2238879",2019-06-11 14:00:27,2019-06-11 18:00:00,s_2019-06-11_21:00,12
"2238877",2019-06-11 13:59:26,2019-06-11 18:00:00,s_2019-06-11_21:00,1
"2239791",2019-06-11 13:28:26,2019-06-11 18:00:00,s_2019-06-11_21:00,1
"2239780",2019-06-11 13:21:26,2019-06-11 18:00:00,s_2019-06-11_21:00,2
"2240484",2019-06-11 12:44:26,2019-06-11 18:00:00,s_2019-06-11_21:00,5
"2241393",2019-06-11 12:31:27,2019-06-11 18:00:00,s_2019-06-11_21:00,2
"2240472",2019-06-11 12:24:26,2019-06-11 18:00:00,s_2019-06-11_21:00,3
"2239742",2019-06-11 12:21:27,2019-06-11 18:00:00,s_2019-06-11_21:00,3
"2238802",2019-06-11 12:02:28,2019-06-11 18:30:00,l_2019-06-11_21:30,6
"2238800",2019-06-11 12:00:27,2019-06-11 18:00:00,s_2019-06-11_21:00,2
"2239712",2019-06-11 11:46:27,2019-06-11 18:00:00,negev_2019-06-11_21:00,1
"2241355",2019-06-11 11:45:31,2019-06-11 18:00:00,s_2019-06-11_21:00,2
"2241352",2019-06-11 11:41:28,2019-06-11 18:30:00,l_2019-06-11_21:30,15
"2239704",2019-06-11 11:37:28,2019-06-11 18:00:00,s_2019-06-11_21:00,1
"2239701",2019-06-11 11:35:37,2019-06-11 18:00:00,s_2019-06-11_21:00,9
"2239699",2019-06-11 11:35:34,2019-06-11 18:00:00,s_2019-06-11_21:00,8
"2240428",2019-06-11 11:33:26,2019-06-11 18:00:00,s_2019-06-11_21:00,3
"2239693",2019-06-11 11:29:26,2019-06-11 18:00:00,s_2019-06-11_21:00,14
"2241337",2019-06-11 11:25:31,2019-06-11 18:00:00,s_2019-06-11_21:00,7
"2240397",2019-06-11 11:22:26,2019-06-11 13:59:00,gettd_2019-06-11_16:59,1
"2239680",2019-06-11 11:12:26,2019-06-11 18:00:00,s_2019-06-11_21:00,22
"2239675",2019-06-11 11:06:26,2019-06-11 18:00:00,negev_2019-06-11_21:00,1
"2240399",2019-06-11 11:04:26,2019-06-11 18:00:00,s_2019-06-11_21:00,5
"2239671",2019-06-11 10:59:26,2019-06-11 18:00:00,s_2019-06-11_21:00,4
"2240391",2019-06-11 10:57:26,2019-06-11 18:00:00,s_2019-06-11_21:00,2
"2238751",2019-06-11 10:55:27,2019-06-11 18:00:00,s_2019-06-11_21:00,14
"2239667",2019-06-11 10:53:26,2019-06-11 14:00:00,z_2019-06-11_17:00,3
"2240385",2019-06-11 10:49:26,2019-06-11 18:00:00,s_2019-06-11_21:00,3
"2238745",2019-06-11 10:46:26,2019-06-11 18:00:00,s_2019-06-11_21:00,19
"2239662",2019-06-11 10:44:26,2019-06-11 18:30:00,l_2019-06-11_21:30,20
"2241311",2019-06-11 10:43:26,2019-06-11 18:00:00,s_2019-06-11_21:00,1
"2240379",2019-06-11 10:39:27,2019-06-11 18:00:00,s_2019-06-11_21:00,1
"2238735",2019-06-11 10:32:26,2019-06-11 18:00:00,s_2019-06-11_21:00,1
"2240369",2019-06-11 10:31:26,2019-06-11 18:00:00,s_2019-06-11_21:00,19
"2238732",2019-06-11 10:29:26,2019-06-11 18:00:00,s_2019-06-11_21:00,1
"2196274",2019-06-11 10:27:29,2019-06-11 18:00:00,s_2019-06-11_21:00,2
"2239574",2019-06-11 10:27:26,2019-06-11 18:30:00,l_2019-06-11_21:30,7
"2239651",2019-06-11 10:25:31,2019-06-11 14:00:00,z_2019-06-11_17:00,1
"2241302",2019-06-11 10:24:26,2019-06-11 18:00:00,s_2019-06-11_21:00,11
"2239647",2019-06-11 10:22:26,2019-06-11 14:00:00,z_2019-06-11_17:00,1
"2241300",2019-06-11 10:21:31,2019-06-11 14:00:00,z_2019-06-11_17:00,13
"2238725",2019-06-11 10:20:27,2019-06-11 18:00:00,s_2019-06-11_21:00,1
"2238726",2019-06-11 10:19:26,2019-06-11 18:00:00,s_2019-06-11_21:00,1
"2241294",2019-06-11 10:14:26,2019-06-11 18:00:00,s_2019-06-11_21:00,2
"2241291",2019-06-11 10:13:26,2019-06-11 14:00:00,z_2019-06-11_17:00,5
"2239603",2019-06-11 10:12:26,2019-06-11 18:30:00,l_2019-06-11_21:30,7
"2239635",2019-06-11 10:09:26,2019-06-11 18:30:00,l_2019-06-11_21:30,6
"2240349",2019-06-11 10:06:26,2019-06-11 18:30:00,l_2019-06-11_21:30,5
"2238716",2019-06-11 10:03:31,2019-06-11 18:00:00,s_2019-06-11_21:00,5
"2241281",2019-06-11 09:59:26,2019-06-11 14:00:00,z_2019-06-11_17:00,2
"2239622",2019-06-11 09:53:26,2019-06-11 18:00:00,s_2019-06-11_21:00,3
"2239615",2019-06-11 09:48:31,2019-06-11 18:30:00,l_2019-06-11_21:30,7
"2239618",2019-06-11 09:48:27,2019-06-11 18:30:00,l_2019-06-11_21:30,9
"2241264",2019-06-11 09:39:26,2019-06-11 18:00:00,s_2019-06-11_21:00,17
"2241263",2019-06-11 09:35:31,2019-06-11 18:00:00,s_2019-06-11_21:00,10
"2239602",2019-06-11 09:29:26,2019-06-11 18:00:00,s_2019-06-11_21:00,6
"2239601",2019-06-11 09:23:26,2019-06-11 18:00:00,s_2019-06-11_21:00,4
"2239597",2019-06-11 09:19:26,2019-06-11 18:30:00,l_2019-06-11_21:30,1
"2238690",2019-06-11 09:17:26,2019-06-11 18:00:00,s_2019-06-11_21:00,2
"2241247",2019-06-11 09:10:26,2019-06-11 18:30:00,l_2019-06-11_21:30,9
"2238678",2019-06-11 09:01:27,2019-06-11 18:30:00,l_2019-06-11_21:30,4
"2241233",2019-06-11 08:50:27,2019-06-11 18:00:00,s_2019-06-11_21:00,9
"2196264",2019-06-11 08:45:30,2019-06-11 18:00:00,s_2019-06-11_21:00,1
"2240299",2019-06-11 08:44:26,2019-06-11 18:00:00,s_2019-06-11_21:00,5
"2241230",2019-06-11 08:43:29,2019-06-11 18:00:00,s_2019-06-11_21:00,4
"2240295",2019-06-11 08:43:26,2019-06-11 10:00:00,l_2019-06-11_13:00,16
"2239565",2019-06-11 08:35:33,2019-06-11 18:00:00,s_2019-06-11_21:00,1
"2240281",2019-06-11 08:30:30,2019-06-11 18:00:00,s_2019-06-11_21:00,10
"2238668",2019-06-11 08:30:26,2019-06-11 18:00:00,s_2019-06-11_21:00,1
"2241209",2019-06-11 08:22:26,2019-06-11 18:00:00,s_2019-06-11_21:00,5
"2241205",2019-06-11 08:19:26,2019-06-11 14:00:00,z_2019-06-11_17:00,7
"2240272",2019-06-11 08:14:26,2019-06-11 18:00:00,s_2019-06-11_21:00,5
"2238654",2019-06-11 08:07:26,2019-06-11 14:00:00,z_2019-06-11_17:00,2
"2240263",2019-06-11 08:03:27,2019-06-11 14:00:00,z_2019-06-11_17:00,6
"2241168",2019-06-11 08:00:26,2019-06-11 18:00:00,s_2019-06-11_21:00,8
"2239529",2019-06-11 07:59:26,2019-06-11 18:00:00,s_2019-06-11_21:00,16
"2238647",2019-06-11 07:56:26,2019-06-11 14:00:00,z_2019-06-11_17:00,12
"2238646",2019-06-11 07:54:25,2019-06-11 18:00:00,s_2019-06-11_21:00,4
"2241161",2019-06-11 07:50:26,2019-06-11 10:00:00,l_2019-06-11_13:00,7
"2241160",2019-06-11 07:48:26,2019-06-11 18:00:00,s_2019-06-11_21:00,6
"2238641",2019-06-11 07:47:26,2019-06-11 18:00:00,s_2019-06-11_21:00,10
"2239516",2019-06-11 07:44:26,2019-06-11 18:00:00,s_2019-06-11_21:00,1
"2239512",2019-06-11 07:37:26,2019-06-11 14:00:00,z_2019-06-11_17:00,3
"2240244",2019-06-11 07:36:26,2019-06-11 18:00:00,s_2019-06-11_21:00,4
"2239496",2019-06-11 07:19:25,2019-06-11 18:00:00,s_2019-06-11_21:00,3
"2238623",2019-06-11 07:18:31,2019-06-11 14:00:00,z_2019-06-11_17:00,8
"2241141",2019-06-11 07:18:29,2019-06-11 18:00:00,s_2019-06-11_21:00,6
"2239493",2019-06-11 07:16:31,2019-06-11 18:00:00,s_2019-06-11_21:00,1
"2238617",2019-06-11 07:16:26,2019-06-11 10:00:00,l_2019-06-11_13:00,17
"2238609",2019-06-11 07:10:26,2019-06-11 18:00:00,s_2019-06-11_21:00,8
"2239485",2019-06-11 07:08:30,2019-06-11 14:00:00,z_2019-06-11_17:00,11
"2239487",2019-06-11 07:08:26,2019-06-11 18:00:00,s_2019-06-11_21:00,11
"2239472",2019-06-11 06:53:26,2019-06-11 18:00:00,s_2019-06-11_21:00,3
"2241125",2019-06-11 06:46:26,2019-06-11 18:00:00,s_2019-06-11_21:00,5
"2240210",2019-06-11 06:45:32,2019-06-11 10:00:00,l_2019-06-11_13:00,17
"2240205",2019-06-11 06:40:27,2019-06-11 18:00:00,s_2019-06-11_21:00,8
"2238585",2019-06-11 06:36:25,2019-06-11 10:00:00,l_2019-06-11_13:00,18
"2240197",2019-06-11 06:32:26,2019-06-11 14:00:00,z_2019-06-11_17:00,4
"2241113",2019-06-11 06:29:25,2019-06-11 18:00:00,s_2019-06-11_21:00,10
"2238574",2019-06-11 06:26:25,2019-06-11 14:00:00,z_2019-06-11_17:00,2
"2240191",2019-06-11 06:24:25,2019-06-11 14:00:00,z_2019-06-11_17:00,2
"2238559",2019-06-11 06:09:25,2019-06-11 10:00:00,l_2019-06-11_13:00,6
"2241097",2019-06-11 06:07:26,2019-06-11 10:00:00,l_2019-06-11_13:00,6
"2239435",2019-06-11 05:57:26,2019-06-11 18:00:00,s_2019-06-11_21:00,14
"2239431",2019-06-11 05:55:31,2019-06-11 14:00:00,z_2019-06-11_17:00,4
"2239429",2019-06-11 05:52:26,2019-06-11 18:00:00,s_2019-06-11_21:00,7
"2239422",2019-06-11 05:44:26,2019-06-11 18:00:00,s_2019-06-11_21:00,3
"2240166",2019-06-11 05:39:28,2019-06-11 14:00:00,z_2019-06-11_17:00,1
"2239413",2019-06-11 05:35:31,2019-06-11 18:00:00,s_2019-06-11_21:00,4
"2239412",2019-06-11 05:34:25,2019-06-11 18:00:00,s_2019-06-11_21:00,2
"2241076",2019-06-11 05:32:25,2019-06-11 18:00:00,s_2019-06-11_21:00,6
"2238529",2019-06-11 05:29:26,2019-06-11 18:00:00,s_2019-06-11_21:00,8
"2239400",2019-06-11 05:23:26,2019-06-11 18:00:00,s_2019-06-11_21:00,11
"2241057",2019-06-11 05:18:26,2019-06-11 14:00:00,z_2019-06-11_17:00,22
"2238523",2019-06-11 05:16:25,2019-06-11 18:00:00,s_2019-06-11_21:00,8
"2239389",2019-06-11 05:14:25,2019-06-11 18:00:00,s_2019-06-11_21:00,6
"2240152",2019-06-11 05:09:28,2019-06-11 18:00:00,s_2019-06-11_21:00,10
"2241054",2019-06-11 05:09:25,2019-06-11 18:00:00,s_2019-06-11_21:00,4
"2239382",2019-06-11 05:08:25,2019-06-11 18:00:00,s_2019-06-11_21:00,10
"2241041",2019-06-11 04:50:29,2019-06-11 14:00:00,z_2019-06-11_17:00,7
"2239373",2019-06-11 04:50:26,2019-06-11 18:00:00,s_2019-06-11_21:00,7
"2240142",2019-06-11 04:42:25,2019-06-11 18:00:00,s_2019-06-11_21:00,3
"2241040",2019-06-11 04:32:25,2019-06-11 18:00:00,s_2019-06-11_21:00,1
"2240132",2019-06-11 04:25:30,2019-06-11 18:00:00,s_2019-06-11_21:00,8
"2239357",2019-06-11 04:17:25,2019-06-11 18:00:00,s_2019-06-11_21:00,1
"2239350",2019-06-11 04:01:25,2019-06-11 18:00:00,s_2019-06-11_21:00,5
"2241032",2019-06-11 03:44:26,2019-06-11 18:00:00,s_2019-06-11_21:00,3
"2238487",2019-06-11 03:34:25,2019-06-11 18:00:00,s_2019-06-11_21:00,2
"2239344",2019-06-11 03:30:26,2019-06-11 18:00:00,s_2019-06-11_21:00,3
"2239339",2019-06-11 02:56:25,2019-06-11 18:00:00,s_2019-06-11_21:00,1
"2241015",2019-06-11 01:16:25,2019-06-11 14:00:00,z_2019-06-11_17:00,9
"2238474",2019-06-11 00:57:25,2019-06-11 14:00:00,z_2019-06-11_17:00,12
"2240105",2019-06-10 23:36:25,2019-06-11 18:00:00,s_2019-06-11_21:00,5
"2239325",2019-06-10 22:47:25,2019-06-11 18:00:00,s_2019-06-11_21:00,12
"2240101",2019-06-10 22:43:25,2019-06-11 18:00:00,s_2019-06-11_21:00,6
"2240100",2019-06-10 22:40:26,2019-06-11 18:00:00,s_2019-06-11_21:00,17
"2239323",2019-06-10 22:32:25,2019-06-11 18:00:00,s_2019-06-11_21:00,10
"2240095",2019-06-10 22:06:25,2019-06-11 18:00:00,s_2019-06-11_21:00,4
"2238454",2019-06-10 21:13:25,2019-06-11 10:00:00,l_2019-06-11_13:00,14
"2238444",2019-06-10 20:49:25,2019-06-11 10:00:00,l_2019-06-11_13:00,4
"2238440",2019-06-10 20:45:25,2019-06-11 14:00:00,z_2019-06-11_17:00,1
"2240070",2019-06-10 20:42:25,2019-06-11 14:00:00,z_2019-06-11_17:00,7
"2238433",2019-06-10 20:34:25,2019-06-11 14:00:00,z_2019-06-11_17:00,10
"2240066",2019-06-10 20:32:25,2019-06-11 10:00:00,l_2019-06-11_13:00,11
"2239285",2019-06-10 20:30:26,2019-06-11 14:00:00,z_2019-06-11_17:00,12
"2240055",2019-06-10 20:20:29,2019-06-11 18:00:00,s_2019-06-11_21:00,2
"2238428",2019-06-10 20:20:27,2019-06-11 10:00:00,l_2019-06-11_13:00,10
"2239280",2019-06-10 20:20:25,2019-06-11 18:00:00,s_2019-06-11_21:00,1
"2239275",2019-06-10 20:12:27,2019-06-11 14:00:00,z_2019-06-11_17:00,2
"2237963",2019-06-10 20:12:25,2019-06-11 14:00:00,z_2019-06-11_17:00,22
"2238416",2019-06-10 20:07:25,2019-06-11 10:00:00,l_2019-06-11_13:00,11
"2240045",2019-06-10 20:05:25,2019-06-11 18:00:00,s_2019-06-11_21:00,3
"2238413",2019-06-10 20:02:27,2019-06-11 18:00:00,s_2019-06-11_21:00,2
"2238414",2019-06-10 20:02:25,2019-06-11 14:00:00,z_2019-06-11_17:00,3
"2240042",2019-06-10 20:00:25,2019-06-11 14:00:00,z_2019-06-11_17:00,1
"2240040",2019-06-10 19:56:25,2019-06-11 18:00:00,s_2019-06-11_21:00,1
"2238412",2019-06-10 19:55:25,2019-06-11 18:00:00,s_2019-06-11_21:00,11
"2239264",2019-06-10 19:50:26,2019-06-11 10:00:00,l_2019-06-11_13:00,24
"2239265",2019-06-10 19:47:25,2019-06-11 18:00:00,s_2019-06-11_21:00,1
"2240035",2019-06-10 19:42:25,2019-06-11 10:00:00,l_2019-06-11_13:00,5
"2239259",2019-06-10 19:38:25,2019-06-11 18:00:00,s_2019-06-11_21:00,19
"2238398",2019-06-10 19:37:27,2019-06-11 18:00:00,s_2019-06-11_21:00,7
"2238400",2019-06-10 19:37:25,2019-06-11 18:00:00,s_2019-06-11_21:00,3
"2240030",2019-06-10 19:33:25,2019-06-11 14:00:00,z_2019-06-11_17:00,2
ctransfer1748569,2019-06-10 19:33:07,2019-06-11 19:11:00,c_2019-06-11_22:11,12
ctransfer1748568,2019-06-10 19:32:45,2019-06-11 19:11:00,c_2019-06-11_22:11,10
"2240028",2019-06-10 19:32:25,2019-06-11 18:00:00,s_2019-06-11_21:00,4
ctransfer1748567,2019-06-10 19:32:20,2019-06-11 19:11:00,c_2019-06-11_22:11,10
ctransfer1748566,2019-06-10 19:31:57,2019-06-11 19:11:00,c_2019-06-11_22:11,10
ctransfer1748565,2019-06-10 19:31:32,2019-06-11 19:11:00,c_2019-06-11_22:11,10
ctransfer1748564,2019-06-10 19:31:02,2019-06-11 19:11:00,c_2019-06-11_22:11,10
ctransfer1748563,2019-06-10 19:30:35,2019-06-11 19:11:00,c_2019-06-11_22:11,10
"2238394",2019-06-10 19:30:26,2019-06-11 18:00:00,s_2019-06-11_21:00,20
ctransfer1748562,2019-06-10 19:30:12,2019-06-11 19:11:00,c_2019-06-11_22:11,10
ctransfer1748561,2019-06-10 19:29:52,2019-06-11 19:11:00,c_2019-06-11_22:11,10
ctransfer1748560,2019-06-10 19:29:27,2019-06-11 19:11:00,c_2019-06-11_22:11,10
ctransfer1748559,2019-06-10 19:29:04,2019-06-11 19:11:00,c_2019-06-11_22:11,10
ctransfer1748558,2019-06-10 19:28:43,2019-06-11 19:11:00,c_2019-06-11_22:11,10
ctransfer1748557,2019-06-10 19:28:21,2019-06-11 19:11:00,c_2019-06-11_22:11,10
ctransfer1748556,2019-06-10 19:28:03,2019-06-11 19:11:00,c_2019-06-11_22:11,10
ctransfer1748555,2019-06-10 19:27:10,2019-06-11 19:11:00,c_2019-06-11_22:11,10
ctransfer1748554,2019-06-10 19:26:43,2019-06-11 19:11:00,c_2019-06-11_22:11,10
ctransfer1748553,2019-06-10 19:26:13,2019-06-11 19:11:00,c_2019-06-11_22:11,10
ctransfer1748552,2019-06-10 19:25:48,2019-06-11 19:11:00,c_2019-06-11_22:11,10
ctransfer1748551,2019-06-10 19:25:21,2019-06-11 19:11:00,c_2019-06-11_22:11,10
ctransfer1748550,2019-06-10 19:24:40,2019-06-11 19:11:00,c_2019-06-11_22:11,10
"2239248",2019-06-10 19:24:25,2019-06-11 18:00:00,s_2019-06-11_21:00,1
"2237930",2019-06-10 19:23:25,2019-06-11 14:00:00,z_2019-06-11_17:00,9
ctransfer1748549,2019-06-10 19:22:39,2019-06-11 19:11:00,c_2019-06-11_22:11,11
"2237929",2019-06-10 19:21:25,2019-06-11 10:00:00,l_2019-06-11_13:00,12
"2238390",2019-06-10 19:15:25,2019-06-11 18:00:00,s_2019-06-11_21:00,1
"2237925",2019-06-10 19:07:25,2019-06-11 10:00:00,l_2019-06-11_13:00,4
"2240014",2019-06-10 19:04:25,2019-06-11 18:00:00,s_2019-06-11_21:00,1
"2239232",2019-06-10 18:58:25,2019-06-11 14:00:00,z_2019-06-11_17:00,1
"2239227",2019-06-10 18:55:25,2019-06-11 14:00:00,z_2019-06-11_17:00,8
"2238372",2019-06-10 18:53:25,2019-06-11 18:00:00,s_2019-06-11_21:00,10
"2238359",2019-06-10 18:40:26,2019-06-11 10:00:00,l_2019-06-11_13:00,22
"2239221",2019-06-10 18:39:25,2019-06-11 14:00:00,z_2019-06-11_17:00,12
"2237906",2019-06-10 18:37:26,2019-06-11 10:00:00,l_2019-06-11_13:00,11
"2238358",2019-06-10 18:37:24,2019-06-11 18:00:00,s_2019-06-11_21:00,2
"2237901",2019-06-10 18:31:25,2019-06-11 18:00:00,s_2019-06-11_21:00,6
"2237895",2019-06-10 18:23:25,2019-06-11 18:00:00,s_2019-06-11_21:00,8
"2238352",2019-06-10 18:19:24,2019-06-11 18:00:00,s_2019-06-11_21:00,5
"2236982",2019-06-10 18:16:25,2019-06-11 14:00:00,z_2019-06-11_17:00,3
"2237888",2019-06-10 18:14:25,2019-06-11 10:00:00,l_2019-06-11_13:00,2
"2236977",2019-06-10 18:12:24,2019-06-11 18:00:00,s_2019-06-11_21:00,3
"2239204",2019-06-10 18:07:24,2019-06-11 18:00:00,s_2019-06-11_21:00,1
"2239199",2019-06-10 18:00:26,2019-06-11 18:00:00,s_2019-06-11_21:00,11
"2236971",2019-06-10 17:54:24,2019-06-11 18:00:00,s_2019-06-11_21:00,1
"2236969",2019-06-10 17:51:24,2019-06-11 18:00:00,s_2019-06-11_21:00,2
"2239181",2019-06-10 17:40:25,2019-06-11 18:00:00,s_2019-06-11_21:00,3
"2238321",2019-06-10 17:34:24,2019-06-11 18:00:00,s_2019-06-11_21:00,8
"2236959",2019-06-10 17:32:24,2019-06-11 18:00:00,s_2019-06-11_21:00,10
"2236956",2019-06-10 17:31:27,2019-06-11 18:00:00,s_2019-06-11_21:00,3
"2239177",2019-06-10 17:31:25,2019-06-11 18:00:00,s_2019-06-11_21:00,3
"2238313",2019-06-10 17:24:24,2019-06-11 14:00:00,z_2019-06-11_17:00,5
"2237863",2019-06-10 17:17:28,2019-06-11 18:00:00,s_2019-06-11_21:00,4
"2239166",2019-06-10 17:17:27,2019-06-11 10:00:00,l_2019-06-11_13:00,5
"2236924",2019-06-10 17:08:26,2019-06-10 18:00:00,s_2019-06-10_21:00,8
"2236934",2019-06-10 17:04:26,2019-06-11 18:00:00,s_2019-06-11_21:00,11
"2236933",2019-06-10 17:04:24,2019-06-11 14:00:00,z_2019-06-11_17:00,4
"2238297",2019-06-10 16:44:27,2019-06-10 18:00:00,s_2019-06-10_21:00,1
"2236921",2019-06-10 16:38:27,2019-06-10 18:00:00,s_2019-06-10_21:00,8
"2238284",2019-06-10 16:20:27,2019-06-10 18:00:00,s_2019-06-10_21:00,2
"2237831",2019-06-10 16:13:27,2019-06-10 18:00:00,s_2019-06-10_21:00,8
"2239132",2019-06-10 16:11:27,2019-06-10 18:00:00,s_2019-06-10_21:00,1
"2238277",2019-06-10 16:10:27,2019-06-10 18:00:00,s_2019-06-10_21:00,5
"2238273",2019-06-10 16:06:27,2019-06-10 18:00:00,s_2019-06-10_21:00,8
"2196257",2019-06-10 16:04:27,2019-06-10 18:00:00,s_2019-06-10_21:00,6
"2239119",2019-06-10 15:51:27,2019-06-10 18:00:00,s_2019-06-10_21:00,1
"2239117",2019-06-10 15:49:28,2019-06-10 18:00:00,s_2019-06-10_21:00,4
"2236881",2019-06-10 15:36:28,2019-06-10 18:00:00,s_2019-06-10_21:00,5
"2237811",2019-06-10 15:30:28,2019-06-10 18:00:00,s_2019-06-10_21:00,5
"2236877",2019-06-10 15:26:27,2019-06-10 18:00:00,s_2019-06-10_21:00,1
"2239074",2019-06-10 14:47:27,2019-06-10 18:00:00,s_2019-06-10_21:00,1
"2238206",2019-06-10 14:44:26,2019-06-10 18:00:00,s_2019-06-10_21:00,2
"2236844",2019-06-10 14:32:27,2019-06-10 18:00:00,s_2019-06-10_21:00,4
"2236842",2019-06-10 14:28:32,2019-06-10 18:00:00,s_2019-06-10_21:00,1
"2236841",2019-06-10 14:28:27,2019-06-10 18:00:00,s_2019-06-10_21:00,4
"2238200",2019-06-10 14:24:27,2019-06-10 18:00:00,s_2019-06-10_21:00,4
"2238192",2019-06-10 14:16:30,2019-06-10 18:00:00,s_2019-06-10_21:00,3
"2239052",2019-06-10 14:16:27,2019-06-10 18:00:00,s_2019-06-10_21:00,1
"2239046",2019-06-10 14:08:26,2019-06-10 18:00:00,s_2019-06-10_21:00,5
"2236821",2019-06-10 13:57:27,2019-06-10 18:00:00,s_2019-06-10_21:00,5
"2237743",2019-06-10 13:55:28,2019-06-10 18:00:00,s_2019-06-10_21:00,2
"2239004",2019-06-10 13:28:27,2019-06-10 18:00:00,s_2019-06-10_21:00,2
"2235997",2019-06-10 13:21:27,2019-06-10 18:00:00,s_2019-06-10_21:00,7
"2238136",2019-06-10 13:12:26,2019-06-10 18:00:00,s_2019-06-10_21:00,3
"2236777",2019-06-10 13:08:27,2019-06-10 18:00:00,s_2019-06-10_21:00,1
"2236774",2019-06-10 13:01:27,2019-06-10 18:00:00,s_2019-06-10_21:00,14
"2237693",2019-06-10 12:56:27,2019-06-10 18:00:00,s_2019-06-10_21:00,2
"2235978",2019-06-10 12:52:28,2019-06-10 18:00:00,s_2019-06-10_21:00,12
"2237664",2019-06-10 12:44:27,2019-06-10 18:00:00,s_2019-06-10_21:00,9
"2238113",2019-06-10 12:38:28,2019-06-10 18:00:00,s_2019-06-10_21:00,2
"2236735",2019-06-10 12:31:26,2019-06-10 18:00:00,s_2019-06-10_21:00,4
"2237654",2019-06-10 12:21:27,2019-06-10 18:00:00,s_2019-06-10_21:00,1
"2235955",2019-06-10 12:15:28,2019-06-10 18:00:00,s_2019-06-10_21:00,4
"2235944",2019-06-10 12:07:30,2019-06-10 18:00:00,s_2019-06-10_21:00,3
"2235935",2019-06-10 12:00:28,2019-06-10 18:00:00,s_2019-06-10_21:00,4
"2236702",2019-06-10 11:59:29,2019-06-10 18:30:00,l_2019-06-10_21:30,8
"2238058",2019-06-10 11:46:27,2019-06-10 18:00:00,s_2019-06-10_21:00,1
"2237617",2019-06-10 11:42:30,2019-06-10 18:00:00,s_2019-06-10_21:00,4
"2235902",2019-06-10 11:32:27,2019-06-10 18:30:00,l_2019-06-10_21:30,1
"2235891",2019-06-10 11:21:28,2019-06-10 18:00:00,s_2019-06-10_21:00,1
"2238034",2019-06-10 11:18:30,2019-06-10 14:00:00,z_2019-06-10_17:00,1
"2235879",2019-06-10 11:16:30,2019-06-10 18:30:00,l_2019-06-10_21:30,1
"2237584",2019-06-10 11:11:29,2019-06-10 18:00:00,s_2019-06-10_21:00,3
"2235867",2019-06-10 11:10:32,2019-06-10 14:00:00,z_2019-06-10_17:00,5
"2238028",2019-06-10 11:09:26,2019-06-10 14:00:00,z_2019-06-10_17:00,5
"2235864",2019-06-10 11:03:26,2019-06-10 18:00:00,s_2019-06-10_21:00,7
"2236650",2019-06-10 11:02:26,2019-06-10 18:00:00,s_2019-06-10_21:00,7
"2238012",2019-06-10 10:53:26,2019-06-10 18:00:00,s_2019-06-10_21:00,4
"2235840",2019-06-10 10:43:27,2019-06-10 18:30:00,l_2019-06-10_21:30,8
"2236629",2019-06-10 10:38:26,2019-06-10 14:00:00,z_2019-06-10_17:00,11
"2236626",2019-06-10 10:35:27,2019-06-10 18:00:00,s_2019-06-10_21:00,8
"2237546",2019-06-10 10:34:33,2019-06-10 18:00:00,s_2019-06-10_21:00,3
"2237549",2019-06-10 10:34:30,2019-06-10 18:00:00,s_2019-06-10_21:00,3
"2234996",2019-06-10 10:34:27,2019-06-10 14:00:00,z_2019-06-10_17:00,1
"2236620",2019-06-10 10:33:26,2019-06-10 18:00:00,s_2019-06-10_21:00,8
"2237544",2019-06-10 10:32:26,2019-06-10 18:00:00,s_2019-06-10_21:00,1
"2236605",2019-06-10 10:22:27,2019-06-10 18:30:00,l_2019-06-10_21:30,12
"2234980",2019-06-10 10:15:27,2019-06-10 14:00:00,z_2019-06-10_17:00,14
"2236609",2019-06-10 10:12:30,2019-06-10 14:00:00,z_2019-06-10_17:00,3
"2235813",2019-06-10 10:12:26,2019-06-10 14:00:00,z_2019-06-10_17:00,4
"2237527",2019-06-10 10:11:26,2019-06-10 18:00:00,s_2019-06-10_21:00,3
"2235816",2019-06-10 10:09:26,2019-06-10 18:00:00,s_2019-06-10_21:00,7
"2235810",2019-06-10 10:06:26,2019-06-10 14:00:00,z_2019-06-10_17:00,1
"2235807",2019-06-10 10:05:28,2019-06-10 14:00:00,z_2019-06-10_17:00,16
"2236591",2019-06-10 09:56:28,2019-06-10 18:00:00,s_2019-06-10_21:00,3
"2234972",2019-06-10 09:54:27,2019-06-10 18:00:00,s_2019-06-10_21:00,9
"2237513",2019-06-10 09:52:27,2019-06-10 18:00:00,s_2019-06-10_21:00,4
"2235790",2019-06-10 09:49:32,2019-06-10 18:00:00,s_2019-06-10_21:00,7
"2237508",2019-06-10 09:49:28,2019-06-10 14:00:00,z_2019-06-10_17:00,6
"2237505",2019-06-10 09:47:27,2019-06-10 14:00:00,z_2019-06-10_17:00,9
"2237506",2019-06-10 09:46:27,2019-06-10 18:00:00,s_2019-06-10_21:00,1
"2237501",2019-06-10 09:42:28,2019-06-10 14:00:00,z_2019-06-10_17:00,8
"2237499",2019-06-10 09:41:31,2019-06-10 18:00:00,s_2019-06-10_21:00,3
"2236582",2019-06-10 09:39:31,2019-06-10 18:30:00,l_2019-06-10_21:30,20
"2235781",2019-06-10 09:34:32,2019-06-10 18:00:00,s_2019-06-10_21:00,12
"2235780",2019-06-10 09:33:31,2019-06-10 18:00:00,s_2019-06-10_21:00,2
"2236573",2019-06-10 09:30:37,2019-06-10 18:00:00,s_2019-06-10_21:00,6
"2234956",2019-06-10 09:27:30,2019-06-10 14:00:00,z_2019-06-10_17:00,17
"2237491",2019-06-10 09:26:31,2019-06-10 18:00:00,s_2019-06-10_21:00,1
"2235768",2019-06-10 09:21:31,2019-06-10 18:00:00,s_2019-06-10_21:00,11
"2236559",2019-06-10 09:13:34,2019-06-10 18:30:00,l_2019-06-10_21:30,18
"2236555",2019-06-10 09:09:30,2019-06-10 18:00:00,s_2019-06-10_21:00,4
"2235749",2019-06-10 08:57:31,2019-06-10 10:00:00,l_2019-06-10_13:00,5
"2237460",2019-06-10 08:42:30,2019-06-10 14:00:00,z_2019-06-10_17:00,6
"2237458",2019-06-10 08:39:31,2019-06-10 14:00:00,z_2019-06-10_17:00,22
"2236531",2019-06-10 08:30:37,2019-06-10 18:00:00,s_2019-06-10_21:00,3
"2237448",2019-06-10 08:26:40,2019-06-10 14:00:00,z_2019-06-10_17:00,4
"2234917",2019-06-10 08:26:30,2019-06-10 14:00:00,z_2019-06-10_17:00,23
"2237445",2019-06-10 08:24:32,2019-06-10 18:00:00,s_2019-06-10_21:00,2
"2234915",2019-06-10 08:22:32,2019-06-10 14:00:00,z_2019-06-10_17:00,1
"2235725",2019-06-10 08:20:38,2019-06-10 18:00:00,s_2019-06-10_21:00,7
"2237438",2019-06-10 08:13:42,2019-06-10 18:00:00,s_2019-06-10_21:00,7
"2236516",2019-06-10 08:13:31,2019-06-10 10:00:00,l_2019-06-10_13:00,12
"2234909",2019-06-10 08:11:31,2019-06-10 14:00:00,z_2019-06-10_17:00,8
"2235717",2019-06-10 08:00:37,2019-06-10 14:00:00,z_2019-06-10_17:00,7
"2235710",2019-06-10 07:54:31,2019-06-10 14:00:00,z_2019-06-10_17:00,5
"2236493",2019-06-10 07:48:30,2019-06-10 18:00:00,s_2019-06-10_21:00,3
"2234889",2019-06-10 07:41:40,2019-06-10 14:00:00,z_2019-06-10_17:00,3
"2234886",2019-06-10 07:41:30,2019-06-10 18:00:00,s_2019-06-10_21:00,11
"2235703",2019-06-10 07:39:30,2019-06-10 18:00:00,s_2019-06-10_21:00,1
"2237415",2019-06-10 07:35:37,2019-06-10 14:00:00,z_2019-06-10_17:00,7
"2235698",2019-06-10 07:32:30,2019-06-10 14:00:00,z_2019-06-10_17:00,3
"2235695",2019-06-10 07:27:31,2019-06-10 18:00:00,s_2019-06-10_21:00,5
"2234876",2019-06-10 07:23:29,2019-06-10 18:00:00,s_2019-06-10_21:00,2
"2236474",2019-06-10 07:22:30,2019-06-10 10:00:00,l_2019-06-10_13:00,12
"2234868",2019-06-10 07:13:30,2019-06-10 14:00:00,z_2019-06-10_17:00,11
"2237403",2019-06-10 07:08:29,2019-06-10 14:00:00,z_2019-06-10_17:00,6
"2237397",2019-06-10 07:00:36,2019-06-10 18:00:00,s_2019-06-10_21:00,4
"2234854",2019-06-10 06:54:44,2019-06-10 10:00:00,l_2019-06-10_13:00,10
"2237393",2019-06-10 06:54:35,2019-06-10 18:00:00,s_2019-06-10_21:00,29
"2237387",2019-06-10 06:46:29,2019-06-10 18:00:00,s_2019-06-10_21:00,1
"2236455",2019-06-10 06:44:30,2019-06-10 10:00:00,l_2019-06-10_13:00,6
"2234846",2019-06-10 06:43:29,2019-06-10 14:00:00,z_2019-06-10_17:00,1
"2235663",2019-06-10 06:35:38,2019-06-10 18:00:00,s_2019-06-10_21:00,1
"2235662",2019-06-10 06:31:40,2019-06-10 18:00:00,s_2019-06-10_21:00,2
"2235660",2019-06-10 06:31:30,2019-06-10 10:00:00,l_2019-06-10_13:00,19
"2234837",2019-06-10 06:23:29,2019-06-10 18:00:00,s_2019-06-10_21:00,4
"2234836",2019-06-10 06:21:29,2019-06-10 14:00:00,z_2019-06-10_17:00,13
"2237377",2019-06-10 06:19:29,2019-06-10 14:00:00,z_2019-06-10_17:00,12
"2235648",2019-06-10 06:12:30,2019-06-10 18:00:00,s_2019-06-10_21:00,7
"2234827",2019-06-10 06:10:36,2019-06-10 10:00:00,l_2019-06-10_13:00,4
"2237371",2019-06-10 06:08:37,2019-06-10 14:00:00,z_2019-06-10_17:00,11
"2237372",2019-06-10 06:08:29,2019-06-10 10:00:00,l_2019-06-10_13:00,12
"2235641",2019-06-10 06:02:29,2019-06-10 18:00:00,s_2019-06-10_21:00,6
"2235640",2019-06-10 06:01:30,2019-06-10 18:00:00,s_2019-06-10_21:00,6
"2237365",2019-06-10 05:55:35,2019-06-10 18:00:00,s_2019-06-10_21:00,5
"2196242",2019-06-10 05:48:30,2019-06-10 18:00:00,s_2019-06-10_21:00,1
"2237364",2019-06-10 05:42:29,2019-06-10 18:00:00,s_2019-06-10_21:00,2
"2234796",2019-06-10 05:32:29,2019-06-10 14:00:00,z_2019-06-10_17:00,15
"2234794",2019-06-10 05:31:29,2019-06-10 18:00:00,s_2019-06-10_21:00,21
"2234785",2019-06-10 05:18:42,2019-06-10 18:00:00,s_2019-06-10_21:00,2
"2237354",2019-06-10 05:18:31,2019-06-10 18:00:00,s_2019-06-10_21:00,10
"2236416",2019-06-10 05:15:47,2019-06-10 10:00:00,l_2019-06-10_13:00,5
"2237353",2019-06-10 05:13:30,2019-06-10 18:00:00,s_2019-06-10_21:00,7
"2235615",2019-06-10 05:08:28,2019-06-10 18:00:00,s_2019-06-10_21:00,4
"2236411",2019-06-10 04:54:28,2019-06-10 18:00:00,s_2019-06-10_21:00,2
"2237338",2019-06-10 04:33:28,2019-06-10 10:00:00,l_2019-06-10_13:00,8
"2237343",2019-06-10 04:26:29,2019-06-10 10:00:00,l_2019-06-10_13:00,10
"2234763",2019-06-10 04:22:29,2019-06-10 14:00:00,z_2019-06-10_17:00,9
"2236396",2019-06-10 04:15:38,2019-06-10 18:00:00,s_2019-06-10_21:00,1
"2234761",2019-06-10 04:15:33,2019-06-10 18:00:00,s_2019-06-10_21:00,1
"2237334",2019-06-10 04:11:28,2019-06-10 14:00:00,z_2019-06-10_17:00,13
"2234750",2019-06-10 03:01:28,2019-06-10 18:00:00,s_2019-06-10_21:00,1
"2234747",2019-06-10 02:43:28,2019-06-10 18:00:00,s_2019-06-10_21:00,4
"2237317",2019-06-10 01:07:28,2019-06-10 10:00:00,l_2019-06-10_13:00,5
"2234738",2019-06-10 00:48:28,2019-06-10 18:00:00,s_2019-06-10_21:00,1
